{
  "predicted_class": [
    6,
    4,
    5,
    4,
    9,
    9,
    1,
    9
  ],
  "epistemic_uncertainty": [
    0.03971930593252182,
    0.05890851095318794,
    0.06859561055898666,
    0.09111340343952179,
    0.011901874095201492,
    6.236387889657635e-06,
    0.05050819367170334,
    0.0001342760951956734
  ],
  "predictive_entropy": [
    1.1958481073379517,
    0.42577052116394043,
    1.4280370473861694,
    0.7096474170684814,
    0.12889286875724792,
    0.014158731326460838,
    1.1417020559310913,
    0.047078877687454224
  ]
}